datetime,temperature,humidity,precipitation,wind_speed,city
2026-10-06T00:00,11.6,83,0.0,4.0,Prague
2026-10-06T01:00,10.7,85,0.0,3.3,Prague
2026-10-06T02:00,9.6,86,0.0,3.6,Prague
2026-10-06T03:00,8.9,87,0.0,3.2,Prague
2026-10-06T04:00,8.4,87,0.0,3.6,Prague
2026-10-06T05:00,7.7,85,0.0,3.2,Prague
2026-10-06T06:00,7.4,85,0.0,3.3,Prague
2026-10-06T07:00,6.9,86,0.0,3.6,Prague
2026-10-06T08:00,7.1,82,0.0,3.6,Prague
2026-10-06T09:00,7.9,80,0.0,3.8,Prague
2026-10-06T10:00,9.7,72,0.0,2.7,Prague
2026-10-06T11:00,13.4,59,0.0,2.8,Prague
2026-10-06T12:00,16.4,52,0.0,2.6,Prague
2026-10-06T13:00,18.8,47,0.0,2.3,Prague
2026-10-06T14:00,20.3,47,0.0,1.9,Prague
2026-10-06T15:00,21.2,45,0.0,2.1,Prague
2026-10-06T16:00,21.4,45,0.0,4.7,Prague
2026-10-06T17:00,21.0,48,0.0,7.0,Prague
2026-10-06T18:00,20.1,51,0.0,8.0,Prague
2026-10-06T19:00,18.8,56,0.0,5.1,Prague
2026-10-06T20:00,17.5,61,0.0,2.6,Prague
2026-10-06T21:00,16.4,65,0.0,1.1,Prague
2026-10-06T22:00,15.4,69,0.0,1.3,Prague
2026-10-06T23:00,14.0,76,0.0,2.3,Prague
2026-10-07T00:00,13.4,76,0.0,1.8,Prague
2026-10-07T01:00,12.3,80,0.0,2.2,Prague
2026-10-07T02:00,11.7,82,0.0,2.2,Prague
2026-10-07T03:00,11.3,83,0.0,2.5,Prague
2026-10-07T04:00,10.9,84,0.0,2.3,Prague
2026-10-07T05:00,10.5,85,0.0,2.5,Prague
2026-10-07T06:00,9.9,88,0.0,2.6,Prague
2026-10-07T07:00,9.5,88,0.0,2.7,Prague
2026-10-07T08:00,9.6,86,0.0,2.9,Prague
2026-10-07T09:00,10.1,83,0.0,2.5,Prague
2026-10-07T10:00,11.6,75,0.0,0.0,Prague
2026-10-07T11:00,13.2,68,0.0,0.8,Prague
2026-10-07T12:00,15.0,59,0.0,0.8,Prague
2026-10-07T13:00,16.7,52,0.0,0.8,Prague
2026-10-07T14:00,18.0,48,0.0,0.5,Prague
2026-10-07T15:00,18.8,44,0.0,3.7,Prague
2026-10-07T16:00,19.4,41,0.0,3.1,Prague
2026-10-07T17:00,19.8,41,0.0,3.3,Prague
2026-10-07T18:00,19.5,44,0.0,3.1,Prague
2026-10-07T19:00,18.1,52,0.0,5.2,Prague
2026-10-07T20:00,16.7,59,0.0,3.9,Prague
2026-10-07T21:00,15.5,64,0.0,3.3,Prague
2026-10-07T22:00,14.4,72,0.0,0.8,Prague
2026-10-07T23:00,13.8,75,0.0,1.1,Prague
2026-10-08T00:00,12.9,76,0.0,1.8,Prague
2026-10-08T01:00,12.3,70,0.0,1.6,Prague
2026-10-08T02:00,11.7,74,0.0,2.2,Prague
2026-10-08T03:00,11.1,77,0.0,2.2,Prague
2026-10-08T04:00,10.7,79,0.0,1.6,Prague
2026-10-08T05:00,10.3,80,0.0,1.1,Prague
2026-10-08T06:00,10.1,81,0.0,1.6,Prague
2026-10-08T07:00,9.8,83,0.0,1.8,Prague
2026-10-08T08:00,9.8,83,0.0,2.4,Prague
2026-10-08T09:00,10.2,81,0.0,2.0,Prague
2026-10-08T10:00,12.1,74,0.0,1.5,Prague
2026-10-08T11:00,14.6,65,0.0,2.0,Prague
2026-10-08T12:00,17.0,55,0.0,3.1,Prague
2026-10-08T13:00,19.8,47,0.0,4.6,Prague
2026-10-08T14:00,21.9,45,0.0,9.7,Prague
2026-10-08T15:00,21.0,53,0.0,18.8,Prague
2026-10-08T16:00,16.8,71,0.8,18.4,Prague
2026-10-08T17:00,15.8,68,0.2,15.0,Prague
2026-10-08T18:00,14.7,60,0.0,19.4,Prague
2026-10-08T19:00,13.6,59,0.0,13.0,Prague
2026-10-08T20:00,12.8,63,0.0,10.8,Prague
2026-10-08T21:00,12.1,69,0.0,12.1,Prague
2026-10-08T22:00,11.5,70,0.0,11.3,Prague
2026-10-08T23:00,10.8,71,0.0,12.2,Prague
2026-10-09T00:00,10.1,70,0.0,10.9,Prague
2026-10-09T01:00,9.2,72,0.0,9.0,Prague
2026-10-09T02:00,8.3,76,0.0,8.7,Prague
2026-10-09T03:00,7.8,78,0.0,9.2,Prague
2026-10-09T04:00,7.4,79,0.0,9.3,Prague
2026-10-09T05:00,7.0,80,0.0,9.7,Prague
2026-10-09T06:00,6.7,80,0.0,9.6,Prague
2026-10-09T07:00,6.3,81,0.0,10.5,Prague
2026-10-09T08:00,6.4,81,0.0,10.2,Prague
2026-10-09T09:00,7.8,75,0.0,12.4,Prague
2026-10-09T10:00,9.3,68,0.0,14.8,Prague
2026-10-09T11:00,10.6,62,0.0,16.6,Prague
2026-10-09T12:00,12.2,55,0.0,16.4,Prague
2026-10-09T13:00,13.6,49,0.0,17.7,Prague
2026-10-09T14:00,14.4,47,0.0,19.0,Prague
2026-10-09T15:00,14.8,45,0.0,18.7,Prague
2026-10-09T16:00,14.6,44,0.0,18.2,Prague
2026-10-09T17:00,14.3,45,0.0,17.6,Prague
2026-10-09T18:00,13.8,48,0.1,17.4,Prague
2026-10-09T19:00,13.0,53,0.1,17.6,Prague
2026-10-09T20:00,12.3,58,0.1,17.8,Prague
2026-10-09T21:00,11.9,62,0.1,17.6,Prague
2026-10-09T22:00,11.7,67,0.1,16.8,Prague
2026-10-09T23:00,11.5,70,0.1,16.5,Prague
2026-10-10T00:00,11.3,71,0.2,16.8,Prague
2026-10-10T01:00,11.2,70,0.2,17.7,Prague
2026-10-10T02:00,11.1,71,0.2,17.8,Prague
2026-10-10T03:00,11.1,74,0.1,16.9,Prague
2026-10-10T04:00,11.2,77,0.1,15.8,Prague
2026-10-10T05:00,11.3,80,0.1,14.8,Prague
2026-10-10T06:00,11.4,82,0.1,14.6,Prague
2026-10-10T07:00,11.5,82,0.1,15.0,Prague
2026-10-10T08:00,11.9,81,0.1,15.5,Prague
2026-10-10T09:00,12.9,77,0.0,16.8,Prague
2026-10-10T10:00,14.3,71,0.0,18.4,Prague
2026-10-10T11:00,15.4,64,0.0,19.6,Prague
2026-10-10T12:00,16.0,56,0.0,20.5,Prague
2026-10-10T13:00,16.3,48,0.0,20.5,Prague
2026-10-10T14:00,16.6,42,0.0,20.6,Prague
2026-10-10T15:00,16.8,39,0.0,20.3,Prague
2026-10-10T16:00,17.0,39,0.0,19.2,Prague
2026-10-10T17:00,16.7,40,0.0,17.7,Prague
2026-10-10T18:00,15.6,44,0.0,15.0,Prague
2026-10-10T19:00,14.1,51,0.0,12.4,Prague
2026-10-10T20:00,12.9,56,0.0,10.5,Prague
2026-10-10T21:00,12.2,58,0.0,9.9,Prague
2026-10-10T22:00,11.8,59,0.0,10.0,Prague
2026-10-10T23:00,11.5,60,0.0,10.0,Prague
2026-10-11T00:00,11.0,62,0.0,10.1,Prague
2026-10-11T01:00,10.6,63,0.0,9.9,Prague
2026-10-11T02:00,10.2,65,0.0,9.7,Prague
2026-10-11T03:00,9.8,67,0.0,9.8,Prague
2026-10-11T04:00,9.5,68,0.0,10.1,Prague
2026-10-11T05:00,9.2,70,0.0,10.1,Prague
2026-10-11T06:00,9.0,72,0.0,10.7,Prague
2026-10-11T07:00,8.8,73,0.0,11.2,Prague
2026-10-11T08:00,8.7,75,0.0,11.6,Prague
2026-10-11T09:00,11.0,79,0.0,10.1,Prague
2026-10-11T10:00,12.4,69,0.0,14.3,Prague
2026-10-11T11:00,13.6,60,0.0,17.7,Prague
2026-10-11T12:00,14.3,54,0.0,18.4,Prague
2026-10-11T13:00,14.9,49,0.0,18.2,Prague
2026-10-11T14:00,15.2,45,0.0,18.1,Prague
2026-10-11T15:00,15.3,42,0.0,18.6,Prague
2026-10-11T16:00,15.2,41,0.0,19.5,Prague
2026-10-11T17:00,14.6,42,0.0,18.6,Prague
2026-10-11T18:00,13.4,47,0.0,14.8,Prague
2026-10-11T19:00,11.7,54,0.0,10.1,Prague
2026-10-11T20:00,10.5,60,0.0,7.4,Prague
2026-10-11T21:00,10.2,62,0.0,7.3,Prague
2026-10-11T22:00,10.4,62,0.0,8.3,Prague
2026-10-11T23:00,10.4,63,0.0,9.2,Prague
2026-10-12T00:00,10.2,65,0.0,10.0,Prague
2026-10-12T01:00,10.0,66,0.0,10.7,Prague
2026-10-12T02:00,9.7,68,0.0,11.2,Prague
2026-10-12T03:00,9.5,69,0.0,10.7,Prague
2026-10-12T04:00,9.2,71,0.0,10.2,Prague
2026-10-12T05:00,9.0,72,0.0,10.0,Prague
2026-10-12T06:00,8.6,75,0.0,10.5,Prague
2026-10-12T07:00,8.1,78,0.0,11.5,Prague
2026-10-12T08:00,8.2,78,0.0,12.7,Prague
2026-10-12T09:00,9.2,73,0.0,14.9,Prague
2026-10-12T10:00,10.8,66,0.0,17.4,Prague
2026-10-12T11:00,12.2,59,0.0,19.7,Prague
2026-10-12T12:00,13.2,53,0.0,20.7,Prague
2026-10-12T13:00,14.1,47,0.0,22.0,Prague
2026-10-12T14:00,14.7,43,0.0,22.1,Prague
2026-10-12T15:00,15.1,40,0.0,21.2,Prague
2026-10-12T16:00,15.2,39,0.0,19.8,Prague
2026-10-12T17:00,14.8,41,0.0,17.7,Prague
2026-10-12T18:00,13.4,47,0.0,14.4,Prague
2026-10-12T19:00,11.4,57,0.0,10.6,Prague
2026-10-12T20:00,9.8,64,0.0,8.4,Prague
2026-10-12T21:00,9.1,68,0.0,8.1,Prague
2026-10-12T22:00,8.8,69,0.0,8.9,Prague
2026-10-12T23:00,8.5,71,0.0,9.2,Prague
